Oncogene	29974	A1CF	DOID:1909
Tumor_Suppressor	10006	ABI1	DOID:9119
Oncogene	25	ABL1	DOID:8552
Oncogene	25	ABL1	DOID:9952
Oncogene	25	ABL1	DOID:5603
Oncogene	27	ABL2	DOID:9119
Oncogene	57007	ACKR3	DOID:3315
Oncogene	90	ACVR1	NO_MATCH
Tumor_Suppressor	92	ACVR2A	DOID:0080199
Tumor_Suppressor	92	ACVR2A	DOID:5517
Tumor_Suppressor	92	ACVR2A	DOID:4905
Tumor_Suppressor	92	ACVR2A	DOID:4607
Tumor_Suppressor	92	ACVR2A	DOID:9095
Oncogene	3899	AFF3	DOID:9952
Oncogene	3899	AFF3	DOID:5603
Oncogene	27125	AFF4	DOID:9952
Oncogene	207	AKT1	DOID:1612
Oncogene	207	AKT1	DOID:9256
Oncogene	207	AKT1	DOID:2394
Oncogene	207	AKT1	DOID:3908
Oncogene	208	AKT2	DOID:2394
Oncogene	208	AKT2	DOID:1793
Oncogene	10000	AKT3	DOID:3068
Oncogene	238	ALK	DOID:0050744
Oncogene	238	ALK	DOID:3908
Oncogene	238	ALK	DOID:769
Oncogene	238	ALK	DOID:0050905
Oncogene	238	ALK	DOID:3162
Oncogene	238	ALK	DOID:769
Tumor_Suppressor	139285	AMER1	DOID:2154
Tumor_Suppressor	324	APC	DOID:9256
Tumor_Suppressor	324	APC	DOID:1793
Tumor_Suppressor	324	APC	NO_MATCH
Tumor_Suppressor	324	APC	DOID:687
Tumor_Suppressor	324	APC	DOID:3070
Tumor_Suppressor	324	APC	NO_MATCH
Tumor_Suppressor	324	APC	DOID:9256
Tumor_Suppressor	324	APC	DOID:1793
Tumor_Suppressor	324	APC	NO_MATCH
Tumor_Suppressor	324	APC	DOID:687
Tumor_Suppressor	324	APC	DOID:3070
Tumor_Suppressor	324	APC	NO_MATCH
Oncogene	9582	APOBEC3B	DOID:1612
Tumor_Suppressor	9582	APOBEC3B	DOID:1612
Oncogene	367	AR	DOID:10283
Oncogene	369	ARAF	DOID:4947
Oncogene	369	ARAF	DOID:3910
Oncogene	369	ARAF	DOID:2571
Tumor_Suppressor	23092	ARHGAP26	DOID:9119
Tumor_Suppressor	23092	ARHGAP26	DOID:0050908
Oncogene	394	ARHGAP5	DOID:219
Oncogene	394	ARHGAP5	DOID:3070
Tumor_Suppressor	9639	ARHGEF10	DOID:219
Tumor_Suppressor	55160	ARHGEF10L	DOID:0060058
Tumor_Suppressor	23365	ARHGEF12	DOID:9119
Tumor_Suppressor	8289	ARID1A	DOID:0050934
Tumor_Suppressor	8289	ARID1A	DOID:4450
Tumor_Suppressor	8289	ARID1A	DOID:1612
Tumor_Suppressor	57492	ARID1B	DOID:1612
Tumor_Suppressor	57492	ARID1B	DOID:684
Tumor_Suppressor	196528	ARID2	DOID:684
Oncogene	405	ARNT	DOID:9119
Tumor_Suppressor	405	ARNT	DOID:9119
Tumor_Suppressor	171023	ASXL1	DOID:0050908
Tumor_Suppressor	171023	ASXL1	DOID:0080188
Tumor_Suppressor	55252	ASXL2	DOID:1909
Tumor_Suppressor	55252	ASXL2	DOID:4467
Tumor_Suppressor	55252	ASXL2	DOID:9119
Oncogene	466	ATF1	DOID:4233
Oncogene	466	ATF1	DOID:4415
Tumor_Suppressor	472	ATM	DOID:1039
Tumor_Suppressor	472	ATM	DOID:1240
Tumor_Suppressor	472	ATM	DOID:0060058
Tumor_Suppressor	472	ATM	DOID:0050902
Tumor_Suppressor	472	ATM	DOID:3070
Oncogene	476	ATP1A1	DOID:656
Tumor_Suppressor	476	ATP1A1	DOID:656
Tumor_Suppressor	492	ATP2B3	DOID:656
Tumor_Suppressor	545	ATR	DOID:1380
Tumor_Suppressor	545	ATR	DOID:10534
Tumor_Suppressor	545	ATR	DOID:4001
Tumor_Suppressor	545	ATR	DOID:0070004
Tumor_Suppressor	545	ATR	NO_MATCH
Tumor_Suppressor	546	ATRX	DOID:1799
Tumor_Suppressor	546	ATRX	DOID:3068
Tumor_Suppressor	8312	AXIN1	DOID:9256
Tumor_Suppressor	8312	AXIN1	DOID:1380
Tumor_Suppressor	8312	AXIN1	DOID:10283
Tumor_Suppressor	8312	AXIN1	DOID:684
Tumor_Suppressor	8312	AXIN1	DOID:687
Tumor_Suppressor	8312	AXIN1	DOID:0050902
Tumor_Suppressor	8313	AXIN2	DOID:0080199
Tumor_Suppressor	8313	AXIN2	DOID:5517
Tumor_Suppressor	8313	AXIN2	DOID:684
Tumor_Suppressor	8313	AXIN2	DOID:0080199
Tumor_Suppressor	567	B2M	DOID:0050745
Tumor_Suppressor	567	B2M	DOID:1909
Tumor_Suppressor	567	B2M	DOID:0050861
Tumor_Suppressor	8314	BAP1	DOID:6039
Tumor_Suppressor	8314	BAP1	DOID:1612
Tumor_Suppressor	8314	BAP1	DOID:3908
Tumor_Suppressor	8314	BAP1	DOID:4450
Tumor_Suppressor	8314	BAP1	DOID:1790
Tumor_Suppressor	8314	BAP1	DOID:6039
Tumor_Suppressor	580	BARD1	DOID:1612
Tumor_Suppressor	580	BARD1	DOID:2394
Tumor_Suppressor	580	BARD1	DOID:1612
Tumor_Suppressor	580	BARD1	NO_MATCH
Tumor_Suppressor	581	BAX	DOID:9256
Tumor_Suppressor	11177	BAZ1A	DOID:6171
Tumor_Suppressor	11177	BAZ1A	DOID:219
Tumor_Suppressor	8915	BCL10	DOID:0050909
Oncogene	53335	BCL11A	DOID:1040
Oncogene	64919	BCL11B	DOID:5603
Tumor_Suppressor	64919	BCL11B	DOID:5603
Oncogene	596	BCL2	DOID:0060060
Oncogene	596	BCL2	DOID:1040
Oncogene	83596	BCL2L12	DOID:1909
Oncogene	83596	BCL2L12	DOID:1749
Oncogene	602	BCL3	DOID:1040
Oncogene	604	BCL6	DOID:0060060
Oncogene	604	BCL6	DOID:1040
Oncogene	607	BCL9	DOID:8584
Oncogene	283149	BCL9L	DOID:9256
Tumor_Suppressor	283149	BCL9L	DOID:9256
Oncogene	283149	BCL9L	DOID:2871
Tumor_Suppressor	283149	BCL9L	DOID:2871
Oncogene	283149	BCL9L	DOID:10534
Tumor_Suppressor	283149	BCL9L	DOID:10534
Tumor_Suppressor	54880	BCOR	DOID:768
Tumor_Suppressor	54880	BCOR	DOID:9119
Tumor_Suppressor	54880	BCOR	DOID:0060318
Oncogene	63035	BCORL1	DOID:9119
Tumor_Suppressor	63035	BCORL1	DOID:9119
Oncogene	63035	BCORL1	DOID:5520
Tumor_Suppressor	63035	BCORL1	DOID:5520
Oncogene	330	BIRC3	DOID:1040
Tumor_Suppressor	330	BIRC3	DOID:1040
Oncogene	330	BIRC3	DOID:0050909
Tumor_Suppressor	330	BIRC3	DOID:0050909
Oncogene	330	BIRC3	DOID:0050746
Tumor_Suppressor	330	BIRC3	DOID:0050746
Oncogene	330	BIRC3	DOID:9538
Tumor_Suppressor	330	BIRC3	DOID:9538
Oncogene	57448	BIRC6	DOID:1909
Oncogene	57448	BIRC6	DOID:3717
Oncogene	57448	BIRC6	DOID:3910
Tumor_Suppressor	641	BLM	DOID:1240
Tumor_Suppressor	641	BLM	DOID:0060058
Tumor_Suppressor	641	BLM	DOID:3151
Tumor_Suppressor	641	BLM	NO_MATCH
Oncogene	657	BMPR1A	NO_MATCH
Tumor_Suppressor	657	BMPR1A	NO_MATCH
Oncogene	673	BRAF	DOID:1909
Oncogene	673	BRAF	DOID:9256
Oncogene	673	BRAF	DOID:3969
Oncogene	673	BRAF	DOID:2394
Oncogene	673	BRAF	DOID:3908
Oncogene	673	BRAF	DOID:4947
Oncogene	673	BRAF	DOID:4851
Oncogene	673	BRAF	DOID:3162
Oncogene	673	BRAF	DOID:5742
Oncogene	673	BRAF	DOID:0111162
Oncogene	673	BRAF	DOID:10283
Oncogene	673	BRAF	DOID:10534
Tumor_Suppressor	672	BRCA1	DOID:2394
Tumor_Suppressor	672	BRCA1	DOID:1612
Tumor_Suppressor	672	BRCA1	DOID:2394
Tumor_Suppressor	675	BRCA2	DOID:1612
Tumor_Suppressor	675	BRCA2	DOID:2394
Tumor_Suppressor	675	BRCA2	DOID:1793
Tumor_Suppressor	675	BRCA2	DOID:1612
Tumor_Suppressor	675	BRCA2	DOID:2394
Tumor_Suppressor	675	BRCA2	DOID:1793
Tumor_Suppressor	675	BRCA2	NO_MATCH
Tumor_Suppressor	675	BRCA2	NO_MATCH
Oncogene	8019	BRD3	DOID:0060463
Oncogene	23476	BRD4	DOID:0060463
Tumor_Suppressor	83990	BRIP1	DOID:9119
Tumor_Suppressor	83990	BRIP1	DOID:1240
Tumor_Suppressor	83990	BRIP1	DOID:1612
Tumor_Suppressor	694	BTG1	DOID:1040
Oncogene	695	BTK	DOID:1040
Tumor_Suppressor	695	BTK	DOID:1040
Oncogene	695	BTK	DOID:0050746
Tumor_Suppressor	695	BTK	DOID:0050746
Oncogene	695	BTK	DOID:0060901
Tumor_Suppressor	695	BTK	DOID:0060901
Tumor_Suppressor	701	BUB1B	DOID:3247
Oncogene	776	CACNA1D	DOID:656
Oncogene	811	CALR	DOID:2226
Oncogene	811	CALR	DOID:0050908
Tumor_Suppressor	23261	CAMTA1	DOID:0080190
Oncogene	84433	CARD11	DOID:0050745
Tumor_Suppressor	833	CARS	DOID:0050744
Tumor_Suppressor	57082	CASC5	DOID:9119
Tumor_Suppressor	836	CASP3	DOID:2394
Tumor_Suppressor	841	CASP8	DOID:3571
Tumor_Suppressor	841	CASP8	DOID:0050866
Tumor_Suppressor	841	CASP8	DOID:1612
Tumor_Suppressor	842	CASP9	DOID:3070
Tumor_Suppressor	863	CBFA2T3	DOID:9119
Tumor_Suppressor	865	CBFB	DOID:9119
Oncogene	867	CBL	DOID:9119
Tumor_Suppressor	867	CBL	DOID:9119
Oncogene	867	CBL	DOID:0050458
Tumor_Suppressor	867	CBL	DOID:0050458
Oncogene	867	CBL	DOID:0050908
Tumor_Suppressor	867	CBL	DOID:0050908
Tumor_Suppressor	868	CBLB	DOID:9119
Oncogene	23624	CBLC	DOID:9119
Tumor_Suppressor	23624	CBLC	DOID:9119
Tumor_Suppressor	8030	CCDC6	DOID:3969
Tumor_Suppressor	8030	CCDC6	DOID:8552
Tumor_Suppressor	8030	CCDC6	DOID:3908
Tumor_Suppressor	57820	CCNB1IP1	DOID:127
Tumor_Suppressor	892	CCNC	DOID:5603
Oncogene	595	CCND1	DOID:1040
Oncogene	595	CCND1	DOID:8584
Oncogene	595	CCND1	DOID:1612
Oncogene	894	CCND2	DOID:0060060
Oncogene	894	CCND2	DOID:1040
Oncogene	896	CCND3	DOID:9538
Oncogene	898	CCNE1	DOID:0050933
Oncogene	1233	CCR4	DOID:0050523
Oncogene	1236	CCR7	DOID:0050523
Tumor_Suppressor	29126	CD274	DOID:0080210
Tumor_Suppressor	29126	CD274	DOID:8567
Oncogene	940	CD28	DOID:0050749
Oncogene	972	CD74	DOID:3908
Oncogene	973	CD79A	DOID:0050745
Oncogene	973	CD79A	DOID:0060901
Oncogene	974	CD79B	DOID:0050745
Oncogene	974	CD79B	DOID:0060901
Tumor_Suppressor	79577	CDC73	DOID:7608
Tumor_Suppressor	79577	CDC73	DOID:7608
Tumor_Suppressor	79577	CDC73	NO_MATCH
Tumor_Suppressor	999	CDH1	DOID:0050938
Tumor_Suppressor	999	CDH1	DOID:10534
Tumor_Suppressor	999	CDH1	DOID:10534
Tumor_Suppressor	1008	CDH10	DOID:1909
Tumor_Suppressor	1008	CDH10	DOID:3498
Tumor_Suppressor	1009	CDH11	NO_MATCH
Oncogene	1015	CDH17	DOID:1909
Tumor_Suppressor	51755	CDK12	DOID:0050933
Oncogene	1019	CDK4	DOID:1909
Oncogene	1021	CDK6	DOID:9952
Oncogene	1026	CDKN1A	DOID:11054
Tumor_Suppressor	1026	CDKN1A	DOID:11054
Tumor_Suppressor	1027	CDKN1B	DOID:1612
Tumor_Suppressor	1027	CDKN1B	DOID:4434
Tumor_Suppressor	1027	CDKN1B	NO_MATCH
Tumor_Suppressor	1027	CDKN1B	NO_MATCH
Tumor_Suppressor	1029	CDKN2A	DOID:1909
Tumor_Suppressor	1029	CDKN2A	NO_MATCH
Tumor_Suppressor	1029	CDKN2A	DOID:1909
Tumor_Suppressor	1029	CDKN2A	DOID:1793
Tumor_Suppressor	1031	CDKN2C	DOID:3070
Tumor_Suppressor	1031	CDKN2C	DOID:9538
Tumor_Suppressor	1045	CDX2	DOID:9119
Tumor_Suppressor	1050	CEBPA	DOID:9119
Tumor_Suppressor	1050	CEBPA	DOID:0050908
Tumor_Suppressor	1106	CHD2	DOID:1909
Tumor_Suppressor	1106	CHD2	DOID:5672
Tumor_Suppressor	1106	CHD2	DOID:1040
Tumor_Suppressor	1106	CHD2	NO_MATCH
Oncogene	1108	CHD4	DOID:5750
Tumor_Suppressor	11200	CHEK2	DOID:1612
Oncogene	50515	CHST11	DOID:1040
Oncogene	23152	CIC	DOID:3181
Tumor_Suppressor	23152	CIC	DOID:3181
Oncogene	23152	CIC	DOID:1115
Tumor_Suppressor	23152	CIC	DOID:1115
Tumor_Suppressor	4261	CIITA	DOID:0080210
Tumor_Suppressor	4261	CIITA	DOID:8567
Tumor_Suppressor	1213	CLTC	DOID:0050744
Tumor_Suppressor	1213	CLTC	DOID:263
Tumor_Suppressor	8218	CLTCL1	DOID:0050744
Tumor_Suppressor	7555	CNBP	NO_MATCH
Tumor_Suppressor	4849	CNOT3	DOID:5603
Tumor_Suppressor	26047	CNTNAP2	DOID:3070
Tumor_Suppressor	26047	CNTNAP2	DOID:1909
Tumor_Suppressor	22849	CPEB3	DOID:1324
Oncogene	1385	CREB1	DOID:4233
Oncogene	1385	CREB1	DOID:4415
Tumor_Suppressor	90993	CREB3L1	NO_MATCH
Oncogene	64764	CREB3L2	DOID:8305
Oncogene	1387	CREBBP	DOID:9952
Tumor_Suppressor	1387	CREBBP	DOID:9952
Oncogene	1387	CREBBP	DOID:9119
Tumor_Suppressor	1387	CREBBP	DOID:9119
Oncogene	1387	CREBBP	DOID:0050745
Tumor_Suppressor	1387	CREBBP	DOID:0050745
Oncogene	1387	CREBBP	DOID:707
Tumor_Suppressor	1387	CREBBP	DOID:707
Oncogene	64109	CRLF2	DOID:8584
Oncogene	64109	CRLF2	DOID:9952
Oncogene	23373	CRTC1	DOID:4531
Oncogene	1436	CSF1R	DOID:0050908
Oncogene	1436	CSF1R	DOID:8552
Oncogene	1436	CSF1R	DOID:9119
Oncogene	1436	CSF1R	DOID:5241
Oncogene	1436	CSF1R	DOID:4467
Oncogene	1441	CSF3R	DOID:0060597
Oncogene	1441	CSF3R	DOID:0080187
Oncogene	1441	CSF3R	DOID:0050523
Oncogene	1441	CSF3R	DOID:0080188
Oncogene	1441	CSF3R	DOID:9119
Oncogene	1441	CSF3R	DOID:0050908
Tumor_Suppressor	114788	CSMD3	DOID:2394
Tumor_Suppressor	114788	CSMD3	DOID:0050866
Tumor_Suppressor	114788	CSMD3	DOID:1324
Tumor_Suppressor	10664	CTCF	DOID:1380
Tumor_Suppressor	10664	CTCF	DOID:1612
Tumor_Suppressor	10664	CTCF	DOID:11934
Oncogene	1496	CTNNA2	DOID:10534
Oncogene	1499	CTNNB1	DOID:9256
Oncogene	1499	CTNNB1	DOID:2394
Oncogene	1499	CTNNB1	DOID:687
Oncogene	1499	CTNNB1	DOID:452
Oncogene	1499	CTNNB1	NO_MATCH
Oncogene	1501	CTNND2	DOID:2526
Oncogene	1501	CTNND2	DOID:9253
Tumor_Suppressor	8452	CUL3	DOID:1324
Oncogene	1523	CUX1	DOID:1380
Tumor_Suppressor	1523	CUX1	DOID:1380
Oncogene	1523	CUX1	DOID:1909
Tumor_Suppressor	1523	CUX1	DOID:1909
Oncogene	1523	CUX1	DOID:9256
Tumor_Suppressor	1523	CUX1	DOID:9256
Oncogene	1523	CUX1	DOID:9119
Tumor_Suppressor	1523	CUX1	DOID:9119
Oncogene	1523	CUX1	DOID:0050908
Tumor_Suppressor	1523	CUX1	DOID:0050908
Oncogene	1523	CUX1	NO_MATCH
Tumor_Suppressor	1523	CUX1	NO_MATCH
Oncogene	7852	CXCR4	DOID:0060901
Tumor_Suppressor	1540	CYLD	DOID:0080202
Tumor_Suppressor	1540	CYLD	DOID:0080202
Oncogene	57105	CYSLTR2	DOID:6039
Oncogene	1616	DAXX	DOID:1799
Tumor_Suppressor	1616	DAXX	DOID:1799
Oncogene	1616	DAXX	DOID:3068
Tumor_Suppressor	1616	DAXX	DOID:3068
Oncogene	1643	DDB2	DOID:2513
Tumor_Suppressor	1643	DDB2	DOID:2513
Oncogene	1643	DDB2	DOID:3151
Tumor_Suppressor	1643	DDB2	DOID:3151
Oncogene	1643	DDB2	DOID:1909
Tumor_Suppressor	1643	DDB2	DOID:1909
Oncogene	1649	DDIT3	DOID:3382
Oncogene	4921	DDR2	DOID:1749
Oncogene	4921	DDR2	DOID:3908
Tumor_Suppressor	1662	DDX10	DOID:9119
Tumor_Suppressor	1654	DDX3X	DOID:1040
Tumor_Suppressor	1654	DDX3X	DOID:0050902
Oncogene	1655	DDX5	DOID:10283
Oncogene	1656	DDX6	DOID:707
Oncogene	7913	DEK	DOID:9119
Oncogene	54487	DGCR8	DOID:2154
Tumor_Suppressor	23405	DICER1	DOID:192
Tumor_Suppressor	23405	DICER1	DOID:5557
Tumor_Suppressor	23405	DICER1	DOID:3246
Tumor_Suppressor	23405	DICER1	DOID:4769
Tumor_Suppressor	23405	DICER1	NO_MATCH
Tumor_Suppressor	23405	DICER1	DOID:2154
Tumor_Suppressor	23405	DICER1	DOID:1781
Tumor_Suppressor	23405	DICER1	NO_MATCH
Tumor_Suppressor	23405	DICER1	DOID:4769
Tumor_Suppressor	1785	DNM2	DOID:5603
Tumor_Suppressor	1788	DNMT3A	DOID:9119
Tumor_Suppressor	29102	DROSHA	DOID:2154
Tumor_Suppressor	29102	DROSHA	DOID:3908
Tumor_Suppressor	29102	DROSHA	DOID:4007
Tumor_Suppressor	1879	EBF1	DOID:3315
Tumor_Suppressor	8726	EED	DOID:5940
Tumor_Suppressor	8726	EED	DOID:0050908
Tumor_Suppressor	8726	EED	DOID:3910
Oncogene	1956	EGFR	DOID:3070
Oncogene	1956	EGFR	DOID:3908
Oncogene	1956	EGFR	DOID:3908
Tumor_Suppressor	3646	EIF3E	DOID:9256
Tumor_Suppressor	1999	ELF3	DOID:1793
Oncogene	2000	ELF4	DOID:9119
Tumor_Suppressor	2000	ELF4	DOID:9119
Oncogene	2005	ELK4	DOID:10283
Tumor_Suppressor	8178	ELL	DOID:9952
Tumor_Suppressor	2033	EP300	DOID:9256
Tumor_Suppressor	2033	EP300	DOID:1612
Tumor_Suppressor	2033	EP300	DOID:1793
Tumor_Suppressor	2033	EP300	DOID:9119
Tumor_Suppressor	2033	EP300	DOID:9952
Tumor_Suppressor	2033	EP300	DOID:0050745
Oncogene	2034	EPAS1	DOID:0050773
Tumor_Suppressor	2034	EPAS1	DOID:0050773
Oncogene	2034	EPAS1	DOID:0050892
Tumor_Suppressor	2034	EPAS1	DOID:0050892
Oncogene	2034	EPAS1	DOID:5241
Tumor_Suppressor	2034	EPAS1	DOID:5241
Tumor_Suppressor	2060	EPS15	DOID:9952
Oncogene	2064	ERBB2	DOID:1612
Oncogene	2064	ERBB2	DOID:2394
Oncogene	2064	ERBB2	NO_MATCH
Oncogene	2064	ERBB2	DOID:3908
Oncogene	2064	ERBB2	DOID:10534
Oncogene	2065	ERBB3	DOID:219
Oncogene	2065	ERBB3	DOID:10534
Oncogene	2065	ERBB3	DOID:11934
Oncogene	2065	ERBB3	DOID:11054
Oncogene	2065	ERBB3	DOID:4159
Oncogene	2066	ERBB4	DOID:1909
Tumor_Suppressor	2066	ERBB4	DOID:1909
Oncogene	2066	ERBB4	DOID:10534
Tumor_Suppressor	2066	ERBB4	DOID:10534
Oncogene	2066	ERBB4	DOID:3908
Tumor_Suppressor	2066	ERBB4	DOID:3908
Tumor_Suppressor	2068	ERCC2	DOID:2513
Tumor_Suppressor	2068	ERCC2	DOID:3151
Tumor_Suppressor	2068	ERCC2	DOID:1909
Tumor_Suppressor	2071	ERCC3	DOID:2513
Tumor_Suppressor	2071	ERCC3	DOID:3151
Tumor_Suppressor	2071	ERCC3	DOID:1909
Tumor_Suppressor	2072	ERCC4	DOID:2513
Tumor_Suppressor	2072	ERCC4	DOID:3151
Tumor_Suppressor	2072	ERCC4	DOID:1909
Tumor_Suppressor	2073	ERCC5	DOID:2513
Tumor_Suppressor	2073	ERCC5	DOID:3151
Tumor_Suppressor	2073	ERCC5	DOID:1909
Oncogene	2078	ERG	DOID:3369
Oncogene	2078	ERG	DOID:10283
Oncogene	2078	ERG	DOID:9119
Oncogene	2099	ESR1	DOID:1612
Tumor_Suppressor	2099	ESR1	DOID:1612
Tumor_Suppressor	55500	ETNK1	DOID:0060597
Tumor_Suppressor	55500	ETNK1	DOID:0080188
Tumor_Suppressor	55500	ETNK1	DOID:349
Tumor_Suppressor	55500	ETNK1	DOID:999
Oncogene	2115	ETV1	DOID:3369
Oncogene	2115	ETV1	DOID:10283
Oncogene	2118	ETV4	DOID:3369
Oncogene	2118	ETV4	DOID:10286
Oncogene	2119	ETV5	DOID:10283
Tumor_Suppressor	2120	ETV6	DOID:8418
Tumor_Suppressor	2120	ETV6	NO_MATCH
Tumor_Suppressor	2120	ETV6	DOID:4922
Tumor_Suppressor	2120	ETV6	DOID:0050908
Oncogene	2130	EWSR1	DOID:3369
Oncogene	2130	EWSR1	NO_MATCH
Oncogene	2130	EWSR1	DOID:9952
Oncogene	2130	EWSR1	DOID:4233
Oncogene	2130	EWSR1	DOID:1115
Oncogene	2130	EWSR1	DOID:2661
Oncogene	2130	EWSR1	DOID:1790
Tumor_Suppressor	2131	EXT1	NO_MATCH
Tumor_Suppressor	2131	EXT1	DOID:3347
Tumor_Suppressor	2132	EXT2	NO_MATCH
Tumor_Suppressor	2132	EXT2	DOID:3347
Oncogene	2146	EZH2	DOID:0050745
Tumor_Suppressor	2146	EZH2	DOID:0050745
Tumor_Suppressor	54855	FAM46C	DOID:9538
Tumor_Suppressor	2175	FANCA	DOID:9119
Tumor_Suppressor	2175	FANCA	DOID:1240
Tumor_Suppressor	2176	FANCC	DOID:9119
Tumor_Suppressor	2176	FANCC	DOID:1240
Tumor_Suppressor	2177	FANCD2	DOID:9119
Tumor_Suppressor	2177	FANCD2	DOID:1240
Tumor_Suppressor	2178	FANCE	DOID:9119
Tumor_Suppressor	2178	FANCE	DOID:1240
Tumor_Suppressor	2188	FANCF	DOID:9119
Tumor_Suppressor	2188	FANCF	DOID:1240
Tumor_Suppressor	2189	FANCG	DOID:9119
Tumor_Suppressor	2189	FANCG	DOID:1240
Tumor_Suppressor	355	FAS	DOID:5557
Tumor_Suppressor	355	FAS	NO_MATCH
Tumor_Suppressor	355	FAS	DOID:3151
Tumor_Suppressor	2195	FAT1	DOID:0050866
Tumor_Suppressor	2195	FAT1	DOID:1040
Tumor_Suppressor	2195	FAT1	DOID:11934
Tumor_Suppressor	2195	FAT1	DOID:5742
Tumor_Suppressor	2195	FAT1	DOID:1793
Tumor_Suppressor	79633	FAT4	DOID:0060058
Tumor_Suppressor	79633	FAT4	DOID:1793
Tumor_Suppressor	79633	FAT4	DOID:11934
Tumor_Suppressor	79633	FAT4	DOID:1909
Tumor_Suppressor	79633	FAT4	DOID:684
Tumor_Suppressor	2199	FBLN2	DOID:1612
Tumor_Suppressor	2199	FBLN2	DOID:0050861
Tumor_Suppressor	80204	FBXO11	DOID:0050745
Tumor_Suppressor	55294	FBXW7	DOID:9256
Tumor_Suppressor	55294	FBXW7	DOID:1380
Tumor_Suppressor	55294	FBXW7	DOID:5603
Oncogene	2213	FCGR2B	DOID:9952
Oncogene	83417	FCRL4	DOID:707
Tumor_Suppressor	2237	FEN1	DOID:1612
Oncogene	2242	FES	DOID:5520
Tumor_Suppressor	2242	FES	DOID:5520
Oncogene	2242	FES	DOID:4001
Tumor_Suppressor	2242	FES	DOID:4001
Oncogene	54738	FEV	DOID:3369
Oncogene	2260	FGFR1	DOID:2226
Oncogene	2260	FGFR1	DOID:0060060
Oncogene	2260	FGFR1	DOID:452
Oncogene	2263	FGFR2	DOID:10534
Oncogene	2263	FGFR2	DOID:3908
Oncogene	2263	FGFR2	DOID:1380
Oncogene	2261	FGFR3	DOID:11054
Oncogene	2261	FGFR3	DOID:9538
Oncogene	2261	FGFR3	DOID:0050749
Oncogene	2264	FGFR4	DOID:3247
Tumor_Suppressor	2271	FH	NO_MATCH
Tumor_Suppressor	2271	FH	DOID:263
Tumor_Suppressor	2272	FHIT	DOID:452
Tumor_Suppressor	201163	FLCN	DOID:263
Tumor_Suppressor	201163	FLCN	NO_MATCH
Tumor_Suppressor	201163	FLCN	NO_MATCH
Oncogene	2313	FLI1	DOID:3369
Oncogene	2322	FLT3	DOID:9119
Oncogene	2322	FLT3	DOID:9952
Oncogene	2324	FLT4	DOID:1115
Oncogene	3169	FOXA1	DOID:1612
Oncogene	3169	FOXA1	DOID:10283
Oncogene	668	FOXL2	DOID:2999
Tumor_Suppressor	668	FOXL2	DOID:2999
Oncogene	2308	FOXO1	DOID:4051
Tumor_Suppressor	2308	FOXO1	DOID:4051
Oncogene	2309	FOXO3	DOID:9952
Tumor_Suppressor	2309	FOXO3	DOID:9952
Oncogene	4303	FOXO4	DOID:9952
Tumor_Suppressor	4303	FOXO4	DOID:9952
Oncogene	4303	FOXO4	DOID:1115
Tumor_Suppressor	4303	FOXO4	DOID:1115
Oncogene	27086	FOXP1	DOID:9952
Oncogene	283150	FOXR1	DOID:769
Oncogene	10272	FSTL3	DOID:1040
Oncogene	8880	FUBP1	DOID:3181
Tumor_Suppressor	2521	FUS	DOID:3382
Tumor_Suppressor	2521	FUS	DOID:9119
Tumor_Suppressor	2521	FUS	DOID:3369
Tumor_Suppressor	2521	FUS	DOID:4415
Tumor_Suppressor	2521	FUS	DOID:8305
Oncogene	2623	GATA1	DOID:8761
Tumor_Suppressor	2623	GATA1	DOID:8761
Oncogene	2624	GATA2	DOID:9119
Oncogene	2625	GATA3	DOID:1612
Tumor_Suppressor	2625	GATA3	DOID:1612
Oncogene	2735	GLI1	DOID:9256
Oncogene	2735	GLI1	DOID:5041
Oncogene	2767	GNA11	DOID:6039
Oncogene	2767	GNA11	DOID:4955
Oncogene	2776	GNAQ	DOID:6039
Oncogene	2776	GNAQ	DOID:4955
Oncogene	2778	GNAS	DOID:3829
Oncogene	2778	GNAS	DOID:7575
Oncogene	2778	GNAS	DOID:0080031
Oncogene	2719	GPC3	DOID:2154
Tumor_Suppressor	2719	GPC3	DOID:2154
Tumor_Suppressor	2262	GPC5	DOID:3910
Tumor_Suppressor	2903	GRIN2A	DOID:1909
Tumor_Suppressor	2903	GRIN2A	DOID:0080199
Tumor_Suppressor	2903	GRIN2A	DOID:5517
Tumor_Suppressor	2903	GRIN2A	DOID:3905
Oncogene	2913	GRM3	DOID:1909
Oncogene	2913	GRM3	DOID:0050866
Oncogene	3020	H3F3A	DOID:3070
Oncogene	3021	H3F3B	DOID:2649
Oncogene	23462	HEY1	DOID:4545
Oncogene	3091	HIF1A	DOID:2871
Oncogene	3091	HIF1A	DOID:3068
Oncogene	3091	HIF1A	DOID:9256
Oncogene	3091	HIF1A	DOID:263
Oncogene	3091	HIF1A	DOID:1324
Oncogene	3091	HIF1A	DOID:1793
Oncogene	3092	HIP1	DOID:0080188
Oncogene	3092	HIP1	DOID:3908
Oncogene	8358	HIST1H3B	DOID:3070
Oncogene	3131	HLF	DOID:9952
Oncogene	3159	HMGA1	DOID:2891
Oncogene	3159	HMGA1	DOID:3350
Oncogene	8091	HMGA2	DOID:3315
Oncogene	8091	HMGA2	DOID:127
Oncogene	8091	HMGA2	DOID:452
Tumor_Suppressor	6927	HNF1A	DOID:0050868
Tumor_Suppressor	6927	HNF1A	DOID:3571
Tumor_Suppressor	6927	HNF1A	DOID:0050868
Tumor_Suppressor	6927	HNF1A	DOID:684
Oncogene	3181	HNRNPA2B1	DOID:10283
Oncogene	3207	HOXA11	DOID:8552
Tumor_Suppressor	3207	HOXA11	DOID:8552
Oncogene	3209	HOXA13	DOID:9119
Oncogene	3205	HOXA9	DOID:9119
Tumor_Suppressor	3205	HOXA9	DOID:9119
Oncogene	3227	HOXC11	DOID:9119
Oncogene	3229	HOXC13	DOID:9119
Oncogene	3237	HOXD11	DOID:9119
Oncogene	3239	HOXD13	DOID:9119
Oncogene	3265	HRAS	DOID:1115
Oncogene	3265	HRAS	NO_MATCH
Oncogene	3265	HRAS	DOID:3247
Oncogene	3265	HRAS	DOID:4163
Oncogene	3265	HRAS	DOID:11054
Tumor_Suppressor	3399	ID3	DOID:8584
Oncogene	3417	IDH1	DOID:3068
Oncogene	3418	IDH2	DOID:3068
Tumor_Suppressor	10644	IGF2BP2	DOID:0060058
Oncogene	3551	IKBKB	DOID:0050750
Tumor_Suppressor	10320	IKZF1	DOID:9952
Tumor_Suppressor	10320	IKZF1	DOID:0050745
Oncogene	3572	IL6ST	DOID:684
Oncogene	3575	IL7R	DOID:9952
Oncogene	3575	IL7R	DOID:9952
Oncogene	3662	IRF4	DOID:9538
Tumor_Suppressor	3662	IRF4	DOID:9538
Oncogene	8471	IRS4	DOID:3070
Tumor_Suppressor	8471	IRS4	DOID:3070
Oncogene	8471	IRS4	DOID:3247
Tumor_Suppressor	8471	IRS4	DOID:3247
Oncogene	8471	IRS4	DOID:1909
Tumor_Suppressor	8471	IRS4	DOID:1909
Oncogene	8471	IRS4	DOID:1612
Tumor_Suppressor	8471	IRS4	DOID:1612
Oncogene	8471	IRS4	DOID:5603
Tumor_Suppressor	8471	IRS4	DOID:5603
Oncogene	3716	JAK1	DOID:9952
Tumor_Suppressor	3716	JAK1	DOID:9952
Oncogene	3717	JAK2	DOID:9952
Oncogene	3717	JAK2	DOID:9119
Oncogene	3717	JAK2	DOID:2226
Oncogene	3717	JAK2	DOID:8552
Oncogene	3718	JAK3	DOID:9119
Oncogene	3718	JAK3	DOID:9952
Oncogene	3725	JUN	DOID:1115
Oncogene	7994	KAT6A	DOID:9119
Tumor_Suppressor	23522	KAT6B	DOID:9119
Tumor_Suppressor	23522	KAT6B	DOID:127
Oncogene	11143	KAT7	DOID:4467
Oncogene	3762	KCNJ5	DOID:656
Oncogene	5927	KDM5A	DOID:9119
Tumor_Suppressor	8242	KDM5C	DOID:4467
Oncogene	7403	KDM6A	DOID:4450
Tumor_Suppressor	7403	KDM6A	DOID:4450
Oncogene	7403	KDM6A	DOID:4007
Tumor_Suppressor	7403	KDM6A	DOID:4007
Oncogene	7403	KDM6A	DOID:3748
Tumor_Suppressor	7403	KDM6A	DOID:3748
Oncogene	7403	KDM6A	DOID:9538
Tumor_Suppressor	7403	KDM6A	DOID:9538
Oncogene	7403	KDM6A	DOID:0050902
Tumor_Suppressor	7403	KDM6A	DOID:0050902
Oncogene	7403	KDM6A	DOID:5603
Tumor_Suppressor	7403	KDM6A	DOID:5603
Oncogene	7403	KDM6A	NO_MATCH
Tumor_Suppressor	7403	KDM6A	NO_MATCH
Oncogene	3791	KDR	DOID:3908
Oncogene	3791	KDR	DOID:0001816
Oncogene	3791	KDR	DOID:1909
Tumor_Suppressor	9817	KEAP1	DOID:3908
Tumor_Suppressor	9817	KEAP1	DOID:3459
Oncogene	3815	KIT	DOID:9253
Oncogene	3815	KIT	DOID:9119
Oncogene	3815	KIT	DOID:5557
Oncogene	3815	KIT	DOID:350
Oncogene	3815	KIT	DOID:0050929
Oncogene	3815	KIT	DOID:9253
Oncogene	3815	KIT	NO_MATCH
Oncogene	9314	KLF4	DOID:3565
Tumor_Suppressor	9314	KLF4	DOID:3565
Tumor_Suppressor	1316	KLF6	DOID:10283
Tumor_Suppressor	1316	KLF6	DOID:3070
Oncogene	4297	KMT2A	DOID:9119
Oncogene	4297	KMT2A	DOID:9952
Tumor_Suppressor	58508	KMT2C	DOID:0050902
Oncogene	8085	KMT2D	DOID:0050902
Tumor_Suppressor	8085	KMT2D	DOID:0050902
Oncogene	8085	KMT2D	DOID:263
Tumor_Suppressor	8085	KMT2D	DOID:263
Oncogene	90417	KNSTRN	DOID:1749
Oncogene	3845	KRAS	DOID:1793
Oncogene	3845	KRAS	DOID:9256
Oncogene	3845	KRAS	DOID:1324
Oncogene	3845	KRAS	DOID:1781
Oncogene	3845	KRAS	DOID:9119
Oncogene	3845	KRAS	NO_MATCH
Tumor_Suppressor	23185	LARP4B	DOID:9256
Tumor_Suppressor	23185	LARP4B	DOID:3070
Oncogene	3932	LCK	DOID:5603
Oncogene	51176	LEF1	DOID:8584
Tumor_Suppressor	51176	LEF1	DOID:8584
Oncogene	51176	LEF1	DOID:5603
Tumor_Suppressor	51176	LEF1	DOID:5603
Oncogene	51176	LEF1	DOID:4840
Tumor_Suppressor	51176	LEF1	DOID:4840
Oncogene	51176	LEF1	DOID:9119
Tumor_Suppressor	51176	LEF1	DOID:9119
Oncogene	51176	LEF1	DOID:0060058
Tumor_Suppressor	51176	LEF1	DOID:0060058
Tumor_Suppressor	23484	LEPROTL1	DOID:1324
Tumor_Suppressor	23484	LEPROTL1	DOID:219
Oncogene	4004	LMO1	DOID:5603
Oncogene	4004	LMO1	DOID:769
Oncogene	4004	LMO1	DOID:769
Oncogene	4005	LMO2	DOID:5603
Oncogene	4026	LPP	DOID:3315
Oncogene	4026	LPP	DOID:1240
Tumor_Suppressor	121227	LRIG3	DOID:3908
Tumor_Suppressor	53353	LRP1B	DOID:1040
Tumor_Suppressor	53353	LRP1B	DOID:2394
Tumor_Suppressor	53353	LRP1B	DOID:3748
Tumor_Suppressor	53353	LRP1B	DOID:2671
Oncogene	4066	LYL1	DOID:5603
Tumor_Suppressor	8216	LZTR1	DOID:3068
Tumor_Suppressor	8216	LZTR1	DOID:3068
Tumor_Suppressor	8216	LZTR1	NO_MATCH
Oncogene	4094	MAF	DOID:9538
Oncogene	9935	MAFB	DOID:9538
Oncogene	378938	MALAT1	DOID:4454
Tumor_Suppressor	378938	MALAT1	DOID:4454
Oncogene	378938	MALAT1	DOID:1324
Tumor_Suppressor	378938	MALAT1	DOID:1324
Oncogene	10892	MALT1	DOID:0050909
Oncogene	84441	MAML2	DOID:4531
Oncogene	5604	MAP2K1	DOID:3908
Oncogene	5604	MAP2K1	DOID:1909
Oncogene	5604	MAP2K1	DOID:9256
Oncogene	5605	MAP2K2	DOID:3908
Oncogene	5605	MAP2K2	DOID:1909
Oncogene	6416	MAP2K4	DOID:1793
Tumor_Suppressor	6416	MAP2K4	DOID:1793
Oncogene	6416	MAP2K4	DOID:1612
Tumor_Suppressor	6416	MAP2K4	DOID:1612
Oncogene	6416	MAP2K4	DOID:9256
Tumor_Suppressor	6416	MAP2K4	DOID:9256
Oncogene	4214	MAP3K1	DOID:0060548
Tumor_Suppressor	4214	MAP3K1	DOID:0060548
Oncogene	9175	MAP3K13	DOID:1612
Tumor_Suppressor	9175	MAP3K13	DOID:1612
Oncogene	5594	MAPK1	DOID:1040
Oncogene	5594	MAPK1	DOID:5936
Oncogene	5594	MAPK1	DOID:2893
Tumor_Suppressor	4149	MAX	DOID:0050892
Tumor_Suppressor	4149	MAX	DOID:2871
Tumor_Suppressor	4149	MAX	DOID:1520
Tumor_Suppressor	4149	MAX	DOID:0050892
Oncogene	4193	MDM2	DOID:1115
Oncogene	4193	MDM2	DOID:3070
Oncogene	4193	MDM2	DOID:9256
Oncogene	4193	MDM2	NO_MATCH
Oncogene	4194	MDM4	DOID:3068
Oncogene	4194	MDM4	DOID:11054
Oncogene	4194	MDM4	DOID:768
Oncogene	2122	MECOM	DOID:9119
Oncogene	2122	MECOM	DOID:8552
Oncogene	2122	MECOM	DOID:0050908
Tumor_Suppressor	9968	MED12	DOID:13223
Tumor_Suppressor	9968	MED12	DOID:1618
Tumor_Suppressor	9968	MED12	DOID:1631
Tumor_Suppressor	4221	MEN1	DOID:1540
Tumor_Suppressor	4221	MEN1	DOID:1799
Tumor_Suppressor	4221	MEN1	DOID:7608
Tumor_Suppressor	4221	MEN1	DOID:3829
Tumor_Suppressor	4221	MEN1	NO_MATCH
Tumor_Suppressor	4221	MEN1	NO_MATCH
Oncogene	4233	MET	DOID:4465
Oncogene	4233	MET	DOID:5520
Oncogene	4233	MET	DOID:4465
Tumor_Suppressor	4255	MGMT	DOID:3070
Oncogene	4286	MITF	DOID:1909
Oncogene	57591	MKL1	DOID:9119
Tumor_Suppressor	57591	MKL1	DOID:9119
Tumor_Suppressor	4291	MLF1	DOID:9119
Tumor_Suppressor	4292	MLH1	DOID:9256
Tumor_Suppressor	4292	MLH1	DOID:1380
Tumor_Suppressor	4292	MLH1	DOID:2394
Tumor_Suppressor	4292	MLH1	DOID:3620
Tumor_Suppressor	4292	MLH1	DOID:9256
Tumor_Suppressor	4292	MLH1	DOID:1380
Tumor_Suppressor	4292	MLH1	DOID:2394
Tumor_Suppressor	4292	MLH1	NO_MATCH
Oncogene	8028	MLLT10	DOID:9952
Oncogene	4301	MLLT4	DOID:9952
Oncogene	4330	MN1	DOID:9119
Oncogene	4330	MN1	DOID:3565
Oncogene	4352	MPL	DOID:2226
Oncogene	4352	MPL	DOID:2226
Tumor_Suppressor	4436	MSH2	DOID:9256
Tumor_Suppressor	4436	MSH2	DOID:1380
Tumor_Suppressor	4436	MSH2	DOID:2394
Tumor_Suppressor	4436	MSH2	DOID:9256
Tumor_Suppressor	4436	MSH2	DOID:1380
Tumor_Suppressor	4436	MSH2	DOID:2394
Tumor_Suppressor	2956	MSH6	DOID:9256
Tumor_Suppressor	2956	MSH6	DOID:9256
Tumor_Suppressor	2956	MSH6	DOID:1380
Tumor_Suppressor	2956	MSH6	DOID:2394
Oncogene	124540	MSI2	DOID:8552
Oncogene	4515	MTCP1	DOID:1039
Oncogene	2475	MTOR	DOID:2871
Oncogene	2475	MTOR	DOID:11934
Oncogene	2475	MTOR	DOID:4467
Oncogene	2475	MTOR	DOID:1781
Oncogene	2475	MTOR	DOID:2671
Oncogene	2475	MTOR	DOID:3620
Oncogene	2475	MTOR	DOID:5557
Oncogene	94025	MUC16	DOID:5520
Oncogene	94025	MUC16	DOID:1909
Oncogene	4585	MUC4	DOID:5520
Tumor_Suppressor	4595	MUTYH	DOID:9256
Oncogene	4602	MYB	DOID:0080202
Oncogene	4609	MYC	DOID:8584
Oncogene	4609	MYC	NO_MATCH
Oncogene	4609	MYC	DOID:1040
Oncogene	4610	MYCL	DOID:5409
Oncogene	4613	MYCN	DOID:769
Oncogene	4615	MYD88	DOID:0050745
Tumor_Suppressor	4627	MYH9	DOID:0050744
Oncogene	4654	MYOD1	DOID:3246
Tumor_Suppressor	55728	N4BP2	DOID:1324
Tumor_Suppressor	4665	NAB2	DOID:0050695
Tumor_Suppressor	4665	NAB2	DOID:4957
Tumor_Suppressor	4683	NBN	DOID:0060060
Tumor_Suppressor	4683	NBN	DOID:3070
Tumor_Suppressor	4683	NBN	DOID:0050902
Tumor_Suppressor	4683	NBN	DOID:3247
Oncogene	10499	NCOA2	DOID:9119
Oncogene	10499	NCOA2	DOID:3371
Oncogene	10499	NCOA2	DOID:3247
Tumor_Suppressor	8031	NCOA4	DOID:3969
Tumor_Suppressor	9611	NCOR1	DOID:1612
Tumor_Suppressor	9612	NCOR2	DOID:10283
Tumor_Suppressor	10397	NDRG1	DOID:10283
Tumor_Suppressor	4763	NF1	DOID:962
Tumor_Suppressor	4763	NF1	DOID:3070
Tumor_Suppressor	4763	NF1	DOID:962
Tumor_Suppressor	4763	NF1	DOID:3070
Tumor_Suppressor	4771	NF2	DOID:3565
Tumor_Suppressor	4771	NF2	DOID:12689
Tumor_Suppressor	4771	NF2	DOID:263
Tumor_Suppressor	4771	NF2	DOID:3565
Tumor_Suppressor	4771	NF2	DOID:12689
Oncogene	4773	NFATC2	DOID:3369
Oncogene	4780	NFE2L2	DOID:3908
Tumor_Suppressor	4780	NFE2L2	DOID:3908
Oncogene	4780	NFE2L2	DOID:5520
Tumor_Suppressor	4780	NFE2L2	DOID:5520
Oncogene	4791	NFKB2	DOID:707
Tumor_Suppressor	4791	NFKB2	DOID:707
Tumor_Suppressor	4794	NFKBIE	DOID:1040
Tumor_Suppressor	4794	NFKBIE	DOID:1909
Oncogene	7080	NKX2-1	DOID:3908
Tumor_Suppressor	7080	NKX2-1	DOID:3908
Oncogene	4851	NOTCH1	DOID:5603
Tumor_Suppressor	4851	NOTCH1	DOID:5603
Oncogene	4851	NOTCH1	DOID:1612
Tumor_Suppressor	4851	NOTCH1	DOID:1612
Oncogene	4851	NOTCH1	DOID:11054
Tumor_Suppressor	4851	NOTCH1	DOID:11054
Oncogene	4851	NOTCH1	DOID:3151
Tumor_Suppressor	4851	NOTCH1	DOID:3151
Oncogene	4851	NOTCH1	DOID:3907
Tumor_Suppressor	4851	NOTCH1	DOID:3907
Oncogene	4851	NOTCH1	DOID:5520
Tumor_Suppressor	4851	NOTCH1	DOID:5520
Oncogene	4853	NOTCH2	DOID:0050748
Tumor_Suppressor	4853	NOTCH2	DOID:0050748
Oncogene	4853	NOTCH2	DOID:0050745
Tumor_Suppressor	4853	NOTCH2	DOID:0050745
Oncogene	4853	NOTCH2	DOID:11054
Tumor_Suppressor	4853	NOTCH2	DOID:11054
Oncogene	4869	NPM1	DOID:0060060
Oncogene	4869	NPM1	DOID:0060318
Oncogene	4869	NPM1	DOID:9119
Oncogene	8013	NR4A3	DOID:6496
Oncogene	4893	NRAS	DOID:1909
Oncogene	4893	NRAS	DOID:9538
Oncogene	4893	NRAS	DOID:9119
Oncogene	4893	NRAS	DOID:1781
Tumor_Suppressor	3084	NRG1	DOID:3908
Oncogene	22978	NT5C2	DOID:9952
Tumor_Suppressor	4913	NTHL1	DOID:9256
Oncogene	4914	NTRK1	DOID:3969
Tumor_Suppressor	4914	NTRK1	DOID:3969
Oncogene	4914	NTRK1	DOID:3162
Tumor_Suppressor	4914	NTRK1	DOID:3162
Oncogene	4916	NTRK3	DOID:8418
Oncogene	4916	NTRK3	DOID:4922
Oncogene	4928	NUP98	DOID:9119
Oncogene	256646	NUTM1	DOID:0060463
Oncogene	10215	OLIG2	DOID:5603
Oncogene	286530	P2RY8	DOID:8584
Oncogene	286530	P2RY8	DOID:9952
Oncogene	26986	PABPC1	DOID:5520
Tumor_Suppressor	26986	PABPC1	DOID:5520
Oncogene	26986	PABPC1	DOID:4607
Tumor_Suppressor	26986	PABPC1	DOID:4607
Tumor_Suppressor	79728	PALB2	DOID:2154
Tumor_Suppressor	79728	PALB2	DOID:0050902
Tumor_Suppressor	79728	PALB2	DOID:9119
Tumor_Suppressor	79728	PALB2	DOID:1612
Oncogene	5077	PAX3	DOID:4051
Oncogene	5079	PAX5	DOID:0060060
Tumor_Suppressor	5079	PAX5	DOID:0060060
Oncogene	5079	PAX5	DOID:9952
Tumor_Suppressor	5079	PAX5	DOID:9952
Oncogene	5079	PAX5	DOID:8584
Tumor_Suppressor	5079	PAX5	DOID:8584
Tumor_Suppressor	55193	PBRM1	DOID:4467
Tumor_Suppressor	55193	PBRM1	DOID:1612
Oncogene	5087	PBX1	DOID:0060592
Oncogene	5087	PBX1	DOID:2661
Oncogene	80380	PDCD1LG2	DOID:0080210
Oncogene	80380	PDCD1LG2	DOID:8567
Oncogene	5155	PDGFB	DOID:3507
Oncogene	5156	PDGFRA	DOID:9253
Oncogene	5156	PDGFRA	DOID:999
Oncogene	5156	PDGFRA	DOID:3068
Oncogene	5156	PDGFRA	DOID:9253
Oncogene	5159	PDGFRB	DOID:2226
Oncogene	5159	PDGFRB	DOID:9119
Oncogene	5159	PDGFRB	DOID:0080188
Oncogene	5159	PDGFRB	DOID:8552
Tumor_Suppressor	5187	PER1	DOID:9119
Tumor_Suppressor	5187	PER1	DOID:0080188
Tumor_Suppressor	84295	PHF6	DOID:9952
Tumor_Suppressor	8929	PHOX2B	DOID:769
Tumor_Suppressor	8929	PHOX2B	DOID:769
Oncogene	5290	PIK3CA	DOID:9256
Oncogene	5290	PIK3CA	DOID:10534
Oncogene	5290	PIK3CA	DOID:3068
Oncogene	5290	PIK3CA	DOID:1612
Oncogene	5291	PIK3CB	DOID:1749
Oncogene	5291	PIK3CB	DOID:3908
Tumor_Suppressor	5295	PIK3R1	DOID:3068
Tumor_Suppressor	5295	PIK3R1	DOID:2394
Tumor_Suppressor	5295	PIK3R1	DOID:9256
Oncogene	5292	PIM1	DOID:0060060
Oncogene	5324	PLAG1	DOID:452
Oncogene	5324	PLAG1	NO_MATCH
Oncogene	5335	PLCG1	DOID:0001816
Tumor_Suppressor	5371	PML	DOID:0060318
Tumor_Suppressor	5371	PML	DOID:9952
Tumor_Suppressor	5395	PMS2	DOID:9256
Tumor_Suppressor	5395	PMS2	DOID:1380
Tumor_Suppressor	5395	PMS2	DOID:2394
Tumor_Suppressor	5395	PMS2	DOID:0050902
Tumor_Suppressor	5395	PMS2	DOID:3070
Tumor_Suppressor	5424	POLD1	DOID:9256
Tumor_Suppressor	5424	POLD1	DOID:9256
Tumor_Suppressor	5426	POLE	DOID:0080199
Tumor_Suppressor	5426	POLE	DOID:2871
Tumor_Suppressor	5426	POLE	DOID:5517
Tumor_Suppressor	5426	POLE	DOID:4159
Tumor_Suppressor	5426	POLE	NO_MATCH
Tumor_Suppressor	5428	POLG	DOID:9256
Oncogene	10721	POLQ	DOID:0050866
Tumor_Suppressor	10721	POLQ	DOID:0050866
Oncogene	10721	POLQ	DOID:1612
Tumor_Suppressor	10721	POLQ	DOID:1612
Tumor_Suppressor	25913	POT1	DOID:1040
Oncogene	5450	POU2AF1	DOID:0060060
Oncogene	5460	POU5F1	DOID:1115
Tumor_Suppressor	5468	PPARG	DOID:3962
Oncogene	8493	PPM1D	DOID:3070
Oncogene	8493	PPM1D	DOID:2394
Oncogene	8493	PPM1D	DOID:1612
Tumor_Suppressor	5518	PPP2R1A	DOID:0050934
Tumor_Suppressor	5537	PPP6C	DOID:1909
Tumor_Suppressor	639	PRDM1	DOID:0050745
Oncogene	63976	PRDM16	DOID:0050908
Oncogene	63976	PRDM16	DOID:9119
Tumor_Suppressor	7799	PRDM2	DOID:3070
Tumor_Suppressor	7799	PRDM2	DOID:234
Tumor_Suppressor	7799	PRDM2	DOID:5517
Tumor_Suppressor	7799	PRDM2	DOID:4001
Tumor_Suppressor	7799	PRDM2	DOID:5520
Oncogene	80243	PREX2	DOID:1909
Oncogene	80243	PREX2	DOID:3498
Tumor_Suppressor	5551	PRF1	NO_MATCH
Tumor_Suppressor	5551	PRF1	DOID:0060058
Oncogene	5566	PRKACA	DOID:5015
Oncogene	5566	PRKACA	DOID:0050891
Oncogene	5573	PRKAR1A	DOID:3969
Tumor_Suppressor	5573	PRKAR1A	DOID:3969
Oncogene	5573	PRKAR1A	NO_MATCH
Tumor_Suppressor	5573	PRKAR1A	NO_MATCH
Oncogene	5573	PRKAR1A	NO_MATCH
Tumor_Suppressor	5573	PRKAR1A	NO_MATCH
Oncogene	5573	PRKAR1A	DOID:3969
Tumor_Suppressor	5573	PRKAR1A	DOID:3969
Oncogene	11168	PSIP1	DOID:9119
Tumor_Suppressor	5727	PTCH1	DOID:2513
Tumor_Suppressor	5727	PTCH1	DOID:0050902
Tumor_Suppressor	5727	PTCH1	DOID:2513
Tumor_Suppressor	5727	PTCH1	DOID:0050902
Tumor_Suppressor	5728	PTEN	DOID:3070
Tumor_Suppressor	5728	PTEN	DOID:10283
Tumor_Suppressor	5728	PTEN	DOID:1380
Tumor_Suppressor	5728	PTEN	NO_MATCH
Tumor_Suppressor	5728	PTEN	DOID:3070
Tumor_Suppressor	5728	PTEN	DOID:10283
Tumor_Suppressor	5728	PTEN	DOID:1380
Oncogene	5753	PTK6	DOID:263
Tumor_Suppressor	5753	PTK6	DOID:263
Oncogene	5753	PTK6	DOID:10534
Tumor_Suppressor	5753	PTK6	DOID:10534
Oncogene	5753	PTK6	DOID:11934
Tumor_Suppressor	5753	PTK6	DOID:11934
Oncogene	5753	PTK6	DOID:2394
Tumor_Suppressor	5753	PTK6	DOID:2394
Oncogene	5753	PTK6	NO_MATCH
Tumor_Suppressor	5753	PTK6	NO_MATCH
Oncogene	5781	PTPN11	DOID:0050458
Oncogene	5781	PTPN11	DOID:9119
Oncogene	5781	PTPN11	DOID:0050908
Tumor_Suppressor	5783	PTPN13	DOID:1324
Tumor_Suppressor	5783	PTPN13	DOID:3908
Tumor_Suppressor	5783	PTPN13	DOID:10534
Tumor_Suppressor	5783	PTPN13	DOID:1791
Tumor_Suppressor	5783	PTPN13	DOID:3571
Tumor_Suppressor	5777	PTPN6	DOID:0050745
Tumor_Suppressor	5787	PTPRB	DOID:0001816
Tumor_Suppressor	5788	PTPRC	DOID:5603
Tumor_Suppressor	5789	PTPRD	DOID:1324
Tumor_Suppressor	5789	PTPRD	DOID:263
Tumor_Suppressor	5789	PTPRD	DOID:5520
Tumor_Suppressor	5789	PTPRD	DOID:3068
Tumor_Suppressor	5796	PTPRK	DOID:9256
Tumor_Suppressor	11122	PTPRT	DOID:5520
Tumor_Suppressor	11122	PTPRT	DOID:9256
Tumor_Suppressor	11122	PTPRT	DOID:10534
Tumor_Suppressor	11122	PTPRT	DOID:1324
Tumor_Suppressor	11122	PTPRT	DOID:1909
Oncogene	9444	QKI	DOID:3070
Tumor_Suppressor	9444	QKI	DOID:3070
Oncogene	9444	QKI	DOID:9256
Tumor_Suppressor	9444	QKI	DOID:9256
Oncogene	5879	RAC1	DOID:1909
Oncogene	5879	RAC1	DOID:305
Tumor_Suppressor	5884	RAD17	DOID:0060058
Tumor_Suppressor	5884	RAD17	DOID:219
Oncogene	5885	RAD21	DOID:9119
Tumor_Suppressor	5885	RAD21	DOID:9119
Oncogene	5885	RAD21	DOID:1380
Tumor_Suppressor	5885	RAD21	DOID:1380
Oncogene	5885	RAD21	DOID:9256
Tumor_Suppressor	5885	RAD21	DOID:9256
Oncogene	5885	RAD21	DOID:1324
Tumor_Suppressor	5885	RAD21	DOID:1324
Tumor_Suppressor	5890	RAD51B	DOID:3315
Tumor_Suppressor	5890	RAD51B	DOID:13223
Oncogene	5894	RAF1	DOID:4851
Oncogene	5894	RAF1	DOID:10283
Tumor_Suppressor	5903	RANBP2	DOID:0050905
Oncogene	5910	RAP1GDS1	DOID:5603
Oncogene	5914	RARA	DOID:0060318
Tumor_Suppressor	5925	RB1	DOID:768
Tumor_Suppressor	5925	RB1	DOID:1115
Tumor_Suppressor	5925	RB1	DOID:1612
Tumor_Suppressor	5925	RB1	DOID:5409
Tumor_Suppressor	5925	RB1	DOID:768
Tumor_Suppressor	5925	RB1	DOID:1115
Tumor_Suppressor	5925	RB1	DOID:1612
Tumor_Suppressor	5925	RB1	DOID:5409
Tumor_Suppressor	8241	RBM10	DOID:3910
Oncogene	9401	RECQL4	DOID:3347
Tumor_Suppressor	9401	RECQL4	DOID:3347
Oncogene	9401	RECQL4	DOID:2513
Tumor_Suppressor	9401	RECQL4	DOID:2513
Oncogene	9401	RECQL4	NO_MATCH
Tumor_Suppressor	9401	RECQL4	NO_MATCH
Oncogene	5966	REL	DOID:8567
Oncogene	5979	RET	DOID:3973
Oncogene	5979	RET	DOID:3969
Oncogene	5979	RET	DOID:0050892
Oncogene	5979	RET	DOID:3908
Oncogene	5979	RET	DOID:3162
Oncogene	5979	RET	DOID:3973
Oncogene	5979	RET	DOID:3969
Oncogene	5979	RET	DOID:0050892
Tumor_Suppressor	55159	RFWD3	DOID:1324
Oncogene	387	RHOA	DOID:6217
Tumor_Suppressor	387	RHOA	DOID:6217
Oncogene	387	RHOA	DOID:0050749
Tumor_Suppressor	387	RHOA	DOID:0050749
Oncogene	387	RHOA	DOID:8584
Tumor_Suppressor	387	RHOA	DOID:8584
Tumor_Suppressor	399	RHOH	DOID:0060060
Tumor_Suppressor	116028	RMI2	DOID:0080210
Tumor_Suppressor	116028	RMI2	DOID:8567
Tumor_Suppressor	54894	RNF43	DOID:4947
Tumor_Suppressor	54894	RNF43	DOID:2394
Tumor_Suppressor	54894	RNF43	DOID:4905
Tumor_Suppressor	6092	ROBO2	DOID:0050861
Tumor_Suppressor	6092	ROBO2	DOID:1909
Oncogene	6098	ROS1	DOID:3068
Oncogene	6098	ROS1	DOID:3908
Oncogene	6098	ROS1	DOID:3162
Oncogene	6098	ROS1	DOID:4947
Oncogene	6098	ROS1	DOID:2394
Tumor_Suppressor	6134	RPL10	DOID:5603
Tumor_Suppressor	6146	RPL22	DOID:9119
Tumor_Suppressor	6146	RPL22	DOID:8552
Tumor_Suppressor	6125	RPL5	DOID:5603
Tumor_Suppressor	340419	RSPO2	DOID:9256
Oncogene	84870	RSPO3	DOID:9256
Oncogene	861	RUNX1	DOID:9119
Tumor_Suppressor	861	RUNX1	DOID:9119
Oncogene	861	RUNX1	DOID:0060592
Tumor_Suppressor	861	RUNX1	DOID:0060592
Oncogene	861	RUNX1	DOID:5603
Tumor_Suppressor	861	RUNX1	DOID:5603
Oncogene	862	RUNX1T1	DOID:9119
Tumor_Suppressor	862	RUNX1T1	DOID:9119
Oncogene	57167	SALL4	DOID:9256
Oncogene	57167	SALL4	DOID:1612
Oncogene	57167	SALL4	DOID:10283
Oncogene	57167	SALL4	DOID:3068
Oncogene	57167	SALL4	DOID:1909
Tumor_Suppressor	51119	SBDS	DOID:9119
Tumor_Suppressor	51119	SBDS	DOID:0050908
Tumor_Suppressor	6389	SDHA	DOID:9253
Tumor_Suppressor	6389	SDHA	DOID:0050773
Tumor_Suppressor	6389	SDHA	DOID:0050773
Tumor_Suppressor	54949	SDHAF2	DOID:0050773
Tumor_Suppressor	6390	SDHB	DOID:0050773
Tumor_Suppressor	6390	SDHB	DOID:0050892
Tumor_Suppressor	6391	SDHC	DOID:0050773
Tumor_Suppressor	6391	SDHC	DOID:0050892
Tumor_Suppressor	6392	SDHD	DOID:0050773
Tumor_Suppressor	6392	SDHD	DOID:0050892
Oncogene	6418	SET	DOID:5603
Oncogene	26040	SETBP1	DOID:0060597
Oncogene	26040	SETBP1	NO_MATCH
Oncogene	26040	SETBP1	DOID:4972
Oncogene	26040	SETBP1	DOID:0080188
Oncogene	26040	SETBP1	DOID:0050458
Oncogene	26040	SETBP1	NO_MATCH
Tumor_Suppressor	23067	SETD1B	DOID:9256
Tumor_Suppressor	23067	SETD1B	DOID:1380
Tumor_Suppressor	29072	SETD2	DOID:4467
Oncogene	23451	SF3B1	DOID:0050908
Tumor_Suppressor	6421	SFPQ	DOID:4465
Tumor_Suppressor	6424	SFRP4	DOID:9256
Tumor_Suppressor	6424	SFRP4	DOID:1909
Tumor_Suppressor	6424	SFRP4	DOID:1749
Tumor_Suppressor	6424	SFRP4	DOID:10534
Tumor_Suppressor	6424	SFRP4	DOID:3748
Oncogene	6446	SGK1	DOID:8567
Tumor_Suppressor	10019	SH2B3	DOID:2226
Tumor_Suppressor	10019	SH2B3	NO_MATCH
Tumor_Suppressor	10019	SH2B3	DOID:10780
Tumor_Suppressor	10019	SH2B3	DOID:8584
Oncogene	6455	SH3GL1	DOID:9952
Tumor_Suppressor	140885	SIRPA	DOID:5520
Tumor_Suppressor	140885	SIRPA	DOID:9256
Tumor_Suppressor	140885	SIRPA	DOID:3907
Oncogene	6495	SIX1	DOID:2154
Oncogene	10736	SIX2	DOID:2154
Oncogene	6497	SKI	DOID:1909
Tumor_Suppressor	10568	SLC34A2	DOID:3908
Tumor_Suppressor	4087	SMAD2	DOID:0080199
Tumor_Suppressor	4087	SMAD2	DOID:684
Tumor_Suppressor	4088	SMAD3	DOID:0080199
Tumor_Suppressor	4088	SMAD3	DOID:0050866
Tumor_Suppressor	4089	SMAD4	DOID:9256
Tumor_Suppressor	4089	SMAD4	DOID:1793
Tumor_Suppressor	4089	SMAD4	DOID:10154
Tumor_Suppressor	4089	SMAD4	NO_MATCH
Tumor_Suppressor	6597	SMARCA4	DOID:3908
Tumor_Suppressor	6597	SMARCA4	DOID:7651
Tumor_Suppressor	6598	SMARCB1	DOID:3672
Tumor_Suppressor	6598	SMARCB1	DOID:3672
Tumor_Suppressor	6602	SMARCD1	DOID:1612
Tumor_Suppressor	6605	SMARCE1	DOID:3565
Tumor_Suppressor	8243	SMC1A	DOID:9119
Oncogene	6608	SMO	DOID:2513
Oncogene	27044	SND1	DOID:5742
Tumor_Suppressor	8651	SOCS1	DOID:8567
Tumor_Suppressor	8651	SOCS1	DOID:0080210
Oncogene	6657	SOX2	DOID:3908
Oncogene	6657	SOX2	DOID:3748
Tumor_Suppressor	11166	SOX21	DOID:9538
Tumor_Suppressor	23013	SPEN	DOID:0050750
Tumor_Suppressor	23013	SPEN	DOID:0080202
Tumor_Suppressor	23013	SPEN	DOID:0050745
Tumor_Suppressor	8405	SPOP	DOID:10283
Tumor_Suppressor	8405	SPOP	DOID:1380
Tumor_Suppressor	8405	SPOP	DOID:10283
Oncogene	6714	SRC	DOID:9256
Oncogene	6714	SRC	DOID:2871
Oncogene	6427	SRSF2	DOID:0050908
Oncogene	6427	SRSF2	DOID:1040
Oncogene	6428	SRSF3	DOID:0050873
Oncogene	6756	SSX1	DOID:5485
Oncogene	6757	SSX2	DOID:5485
Oncogene	6759	SSX4	DOID:5485
Tumor_Suppressor	10274	STAG1	DOID:9256
Tumor_Suppressor	10274	STAG1	DOID:9119
Tumor_Suppressor	10735	STAG2	DOID:4007
Tumor_Suppressor	10735	STAG2	DOID:3068
Tumor_Suppressor	10735	STAG2	DOID:1909
Tumor_Suppressor	10735	STAG2	DOID:3369
Tumor_Suppressor	10735	STAG2	DOID:0070004
Oncogene	6774	STAT3	DOID:0050751
Oncogene	6774	STAT3	NO_MATCH
Oncogene	6777	STAT5B	DOID:0050751
Tumor_Suppressor	6777	STAT5B	DOID:0050751
Oncogene	6777	STAT5B	DOID:2513
Tumor_Suppressor	6777	STAT5B	DOID:2513
Oncogene	6777	STAT5B	DOID:0060318
Tumor_Suppressor	6777	STAT5B	DOID:0060318
Oncogene	6778	STAT6	DOID:0050695
Oncogene	6778	STAT6	DOID:4957
Oncogene	6491	STIL	DOID:5603
Tumor_Suppressor	6794	STK11	DOID:3908
Tumor_Suppressor	6794	STK11	DOID:1793
Tumor_Suppressor	6794	STK11	NO_MATCH
Tumor_Suppressor	6794	STK11	DOID:2394
Tumor_Suppressor	6794	STK11	NO_MATCH
Tumor_Suppressor	6794	STK11	DOID:1793
Tumor_Suppressor	51684	SUFU	DOID:0050902
Tumor_Suppressor	51684	SUFU	DOID:0050902
Oncogene	23512	SUZ12	DOID:5166
Tumor_Suppressor	23512	SUZ12	DOID:5166
Oncogene	6850	SYK	DOID:0050908
Oncogene	6850	SYK	DOID:0050749
Oncogene	8148	TAF15	DOID:6496
Oncogene	8148	TAF15	DOID:9952
Oncogene	6886	TAL1	DOID:1037
Oncogene	6887	TAL2	DOID:5603
Oncogene	79718	TBL1XR1	DOID:0050750
Tumor_Suppressor	79718	TBL1XR1	DOID:0050750
Oncogene	79718	TBL1XR1	DOID:3234
Tumor_Suppressor	79718	TBL1XR1	DOID:3234
Oncogene	79718	TBL1XR1	DOID:0080199
Tumor_Suppressor	79718	TBL1XR1	DOID:0080199
Oncogene	79718	TBL1XR1	DOID:4948
Tumor_Suppressor	79718	TBL1XR1	DOID:4948
Oncogene	6926	TBX3	DOID:1612
Tumor_Suppressor	6926	TBX3	DOID:1612
Oncogene	6926	TBX3	DOID:5672
Tumor_Suppressor	6926	TBX3	DOID:5672
Oncogene	6926	TBX3	DOID:4159
Tumor_Suppressor	6926	TBX3	DOID:4159
Oncogene	6929	TCF3	DOID:0060592
Tumor_Suppressor	6929	TCF3	DOID:0060592
Oncogene	6934	TCF7L2	DOID:9256
Oncogene	8115	TCL1A	DOID:1040
Oncogene	7006	TEC	DOID:5861
Oncogene	7015	TERT	DOID:1909
Tumor_Suppressor	7015	TERT	DOID:1909
Oncogene	7015	TERT	DOID:3068
Tumor_Suppressor	7015	TERT	DOID:3068
Oncogene	7015	TERT	DOID:684
Tumor_Suppressor	7015	TERT	DOID:684
Oncogene	7015	TERT	DOID:11054
Tumor_Suppressor	7015	TERT	DOID:11054
Oncogene	7015	TERT	DOID:2513
Tumor_Suppressor	7015	TERT	DOID:2513
Oncogene	7015	TERT	DOID:3151
Tumor_Suppressor	7015	TERT	DOID:3151
Oncogene	7015	TERT	DOID:1790
Tumor_Suppressor	7015	TERT	DOID:1790
Oncogene	7015	TERT	DOID:0050902
Tumor_Suppressor	7015	TERT	DOID:0050902
Oncogene	7015	TERT	NO_MATCH
Tumor_Suppressor	7015	TERT	NO_MATCH
Oncogene	7015	TERT	DOID:1909
Tumor_Suppressor	7015	TERT	DOID:1909
Oncogene	80312	TET1	DOID:9119
Tumor_Suppressor	80312	TET1	DOID:9119
Tumor_Suppressor	54790	TET2	DOID:0050908
Oncogene	7030	TFE3	DOID:4465
Oncogene	7030	TFE3	DOID:4239
Oncogene	7030	TFE3	DOID:263
Oncogene	7942	TFEB	DOID:4454
Tumor_Suppressor	7048	TGFBR2	DOID:11934
Tumor_Suppressor	7048	TGFBR2	DOID:9256
Tumor_Suppressor	7048	TGFBR2	DOID:9256
Oncogene	3195	TLX1	DOID:5603
Oncogene	30012	TLX3	DOID:5603
Tumor_Suppressor	55654	TMEM127	DOID:0050892
Tumor_Suppressor	55654	TMEM127	DOID:4450
Oncogene	3371	TNC	DOID:1749
Oncogene	3371	TNC	DOID:1909
Tumor_Suppressor	7128	TNFAIP3	DOID:0050748
Tumor_Suppressor	7128	TNFAIP3	DOID:8567
Tumor_Suppressor	7128	TNFAIP3	DOID:0080210
Tumor_Suppressor	8764	TNFRSF14	DOID:0050873
Oncogene	608	TNFRSF17	DOID:0050749
Oncogene	7157	TP53	DOID:1612
Tumor_Suppressor	7157	TP53	DOID:1612
Oncogene	7157	TP53	DOID:9256
Tumor_Suppressor	7157	TP53	DOID:9256
Oncogene	7157	TP53	DOID:1324
Tumor_Suppressor	7157	TP53	DOID:1324
Oncogene	7157	TP53	DOID:1115
Tumor_Suppressor	7157	TP53	DOID:1115
Oncogene	7157	TP53	DOID:660
Tumor_Suppressor	7157	TP53	DOID:660
Oncogene	7157	TP53	DOID:3070
Tumor_Suppressor	7157	TP53	DOID:3070
Oncogene	7157	TP53	DOID:3162
Tumor_Suppressor	7157	TP53	DOID:3162
Oncogene	7157	TP53	NO_MATCH
Tumor_Suppressor	7157	TP53	NO_MATCH
Oncogene	7157	TP53	DOID:1612
Tumor_Suppressor	7157	TP53	DOID:1612
Oncogene	7157	TP53	DOID:1115
Tumor_Suppressor	7157	TP53	DOID:1115
Oncogene	7157	TP53	DOID:3948
Tumor_Suppressor	7157	TP53	DOID:3948
Oncogene	7157	TP53	DOID:3070
Tumor_Suppressor	7157	TP53	DOID:3070
Oncogene	7157	TP53	NO_MATCH
Tumor_Suppressor	7157	TP53	NO_MATCH
Oncogene	8626	TP63	DOID:5520
Tumor_Suppressor	8626	TP63	DOID:5520
Oncogene	8626	TP63	DOID:0050745
Tumor_Suppressor	8626	TP63	DOID:0050745
Oncogene	8626	TP63	DOID:3908
Tumor_Suppressor	8626	TP63	DOID:3908
Tumor_Suppressor	7170	TPM3	DOID:3969
Tumor_Suppressor	7170	TPM3	DOID:0050744
Tumor_Suppressor	7170	TPM3	DOID:3908
Tumor_Suppressor	7170	TPM3	DOID:3162
Tumor_Suppressor	84231	TRAF7	DOID:3565
Oncogene	8805	TRIM24	DOID:0060318
Tumor_Suppressor	8805	TRIM24	DOID:0060318
Oncogene	5987	TRIM27	DOID:3969
Tumor_Suppressor	51592	TRIM33	DOID:3969
Oncogene	8295	TRRAP	DOID:1909
Tumor_Suppressor	7248	TSC1	DOID:4450
Tumor_Suppressor	7248	TSC1	DOID:4007
Tumor_Suppressor	7248	TSC1	NO_MATCH
Tumor_Suppressor	7248	TSC1	DOID:4450
Tumor_Suppressor	7248	TSC1	NO_MATCH
Tumor_Suppressor	7249	TSC2	DOID:3319
Tumor_Suppressor	7249	TSC2	DOID:8411
Tumor_Suppressor	7249	TSC2	DOID:5520
Tumor_Suppressor	7249	TSC2	NO_MATCH
Tumor_Suppressor	7249	TSC2	DOID:4450
Tumor_Suppressor	7249	TSC2	NO_MATCH
Oncogene	7253	TSHR	DOID:2891
Oncogene	7253	TSHR	NO_MATCH
Oncogene	7307	U2AF1	DOID:1040
Oncogene	7307	U2AF1	DOID:0050908
Tumor_Suppressor	51366	UBR5	DOID:0050746
Tumor_Suppressor	51366	UBR5	DOID:10534
Tumor_Suppressor	51366	UBR5	DOID:9256
Tumor_Suppressor	84101	USP44	DOID:1324
Tumor_Suppressor	84101	USP44	DOID:219
Oncogene	9098	USP6	NO_MATCH
Oncogene	9101	USP8	DOID:7004
Tumor_Suppressor	7428	VHL	DOID:263
Tumor_Suppressor	7428	VHL	DOID:255
Tumor_Suppressor	7428	VHL	DOID:0050892
Tumor_Suppressor	7428	VHL	DOID:263
Tumor_Suppressor	7428	VHL	DOID:255
Tumor_Suppressor	7428	VHL	DOID:0050892
Oncogene	7454	WAS	DOID:0060058
Oncogene	7468	WHSC1	DOID:9538
Oncogene	54904	WHSC1L1	DOID:9119
Tumor_Suppressor	11197	WIF1	DOID:452
Tumor_Suppressor	65268	WNK2	DOID:10534
Tumor_Suppressor	7486	WRN	DOID:3347
Tumor_Suppressor	7486	WRN	DOID:3565
Tumor_Suppressor	7486	WRN	NO_MATCH
Oncogene	7490	WT1	DOID:2154
Tumor_Suppressor	7490	WT1	DOID:2154
Oncogene	7490	WT1	NO_MATCH
Tumor_Suppressor	7490	WT1	NO_MATCH
Oncogene	7490	WT1	DOID:2154
Tumor_Suppressor	7490	WT1	DOID:2154
Oncogene	25937	WWTR1	DOID:0080190
Tumor_Suppressor	7507	XPA	DOID:2513
Tumor_Suppressor	7507	XPA	DOID:3151
Tumor_Suppressor	7507	XPA	DOID:1909
Tumor_Suppressor	7508	XPC	DOID:2513
Tumor_Suppressor	7508	XPC	DOID:3151
Tumor_Suppressor	7508	XPC	DOID:1909
Oncogene	7514	XPO1	DOID:1040
Tumor_Suppressor	7531	YWHAE	DOID:4226
Tumor_Suppressor	7704	ZBTB16	DOID:0060318
Oncogene	6935	ZEB1	DOID:4467
Oncogene	6935	ZEB1	DOID:1909
Tumor_Suppressor	463	ZFHX3	DOID:1380
Tumor_Suppressor	463	ZFHX3	DOID:10534
Tumor_Suppressor	463	ZFHX3	DOID:10283
Tumor_Suppressor	9203	ZMYM3	DOID:9256
Tumor_Suppressor	9203	ZMYM3	DOID:1612
Tumor_Suppressor	23598	ZNF278	DOID:3369
Tumor_Suppressor	55422	ZNF331	DOID:2891
Oncogene	25925	ZNF521	DOID:9952
Tumor_Suppressor	84133	ZNRF3	DOID:9256
Tumor_Suppressor	84133	ZNRF3	DOID:3948
Tumor_Suppressor	84133	ZNRF3	DOID:10534
Tumor_Suppressor	8233	ZRSR2	DOID:0050908
Tumor_Suppressor	8233	ZRSR2	DOID:1040
